{"roc": 0.8000398078344786, "f1": 0.819613457408733, "precision": 0.8086158192090396, "recall": 0.8309143686502177, "specificity": 0.7691652470187393, "mcc": 0.6017924560102653}