{"roc": 0.8070587202646602, "f1": 0.8227618702428416, "precision": 0.8218682114409848, "recall": 0.8236574746008708, "specificity": 0.7904599659284497, "mcc": 0.6142353424214584}